{
    "amd": {
        "ehull": {
            "nov_d_mtx": 27.22381854057312,
            "nov_emb_gen": 0.12451791763305664,
            "nov_emb_train": 0.49603724479675293,
            "nov_metric": 0.06649279594421387,
            "nov_total": 27.910866498947144,
            "novelty": 0.04313689301206054,
            "uni_d_mtx": 10.369158744812012,
            "uni_emb": 0.2303178310394287,
            "uni_metric": 0.009923219680786133,
            "uni_total": 10.609399795532227,
            "uniqueness": 0.1831855028398237
        },
        "none": {
            "nov_d_mtx": 33.609657287597656,
            "nov_emb_gen": 0.920100212097168,
            "nov_emb_train": 0.6135463714599609,
            "nov_metric": 0.11005926132202148,
            "nov_total": 35.25336313247681,
            "novelty": 0.13585043642742525,
            "uni_d_mtx": 2.348707914352417,
            "uni_emb": 2.052100658416748,
            "uni_metric": 0.04073739051818848,
            "uni_total": 4.4415459632873535,
            "uniqueness": 1.2724741963188413
        }
    },
    "comp": {
        "ehull": {
            "nov_d_mtx": 6.889439344406128,
            "nov_emb_gen": 0.00855112075805664,
            "nov_emb_train": 0.2008204460144043,
            "nov_metric": 0.4193558692932129,
            "nov_total": 7.518166780471802,
            "novelty": 0.0604,
            "uni_d_mtx": 2.562941074371338,
            "uni_emb": 0.03799176216125488,
            "uni_metric": 0.045899391174316406,
            "uni_total": 2.646832227706909,
            "uniqueness": 0.3089
        },
        "none": {
            "nov_d_mtx": 21.2254319190979,
            "nov_emb_gen": 0.007573604583740234,
            "nov_emb_train": 0.23850679397583008,
            "nov_metric": 0.6110022068023682,
            "nov_total": 22.08251452445984,
            "novelty": 0.2352,
            "uni_d_mtx": 8.015614986419678,
            "uni_emb": 0.22025227546691895,
            "uni_metric": 0.1524364948272705,
            "uni_total": 8.388303756713867,
            "uniqueness": 0.7743
        }
    },
    "magpie": {
        "ehull": {
            "nov_d_mtx": 25.76983118057251,
            "nov_emb_gen": 0.11797070503234863,
            "nov_emb_train": 0.5841183662414551,
            "nov_metric": 0.06995248794555664,
            "nov_total": 26.54187273979187,
            "novelty": 3.7982878774478226,
            "uni_d_mtx": 8.931362628936768,
            "uni_emb": 0.18905401229858398,
            "uni_metric": 0.009804487228393555,
            "uni_total": 9.130221128463745,
            "uniqueness": 269.50510631309305
        },
        "none": {
            "nov_d_mtx": 90.34045457839966,
            "nov_emb_gen": 0.251953125,
            "nov_emb_train": 0.6207795143127441,
            "nov_metric": 0.11061954498291016,
            "nov_total": 91.32380676269531,
            "novelty": 15.454342554585711,
            "uni_d_mtx": 24.348565101623535,
            "uni_emb": 521.0871460437775,
            "uni_metric": 0.05515933036804199,
            "uni_total": 545.490870475769,
            "uniqueness": 2073.5381124994783
        }
    },
    "pdd": {
        "ehull": {
            "nov_d_mtx": 27.136209726333618,
            "nov_emb_gen": 0.7768311500549316,
            "nov_emb_train": 1.1944084167480469,
            "nov_metric": 0.06963491439819336,
            "nov_total": 29.17708420753479,
            "novelty": 0.0661513786835651,
            "uni_d_mtx": 9.907558917999268,
            "uni_emb": 0.9824016094207764,
            "uni_metric": 0.009815692901611328,
            "uni_total": 10.899776220321655,
            "uniqueness": 0.19338451915328886
        },
        "none": {
            "nov_d_mtx": 10520.662828922272,
            "nov_emb_gen": 1.1412687301635742,
            "nov_emb_train": 1.2346339225769043,
            "nov_metric": 0.11454105377197266,
            "nov_total": 10523.153272628784,
            "novelty": 0.27644343671816757,
            "uni_d_mtx": 4238.346323490143,
            "uni_emb": 2.578303813934326,
            "uni_metric": 0.044142723083496094,
            "uni_total": 4240.968770027161,
            "uniqueness": 1.3511458432564751
        }
    },
    "smat": {
        "ehull": {
            "nov_d_mtx": 6.843523740768433,
            "nov_emb_gen": 4.966941833496094,
            "nov_emb_train": 12.810440301895142,
            "nov_metric": 0.4171562194824219,
            "nov_total": 25.03806209564209,
            "novelty": 0.0722,
            "uni_d_mtx": 3.059004068374634,
            "uni_emb": 4.107183933258057,
            "uni_metric": 0.04610633850097656,
            "uni_total": 7.212294340133667,
            "uniqueness": 0.3164
        },
        "none": {
            "nov_d_mtx": 39276.73049020767,
            "nov_emb_gen": 1.8641762733459473,
            "nov_emb_train": 5.8311522006988525,
            "nov_metric": 0.6139616966247559,
            "nov_total": 39285.03978037834,
            "novelty": 0.4582,
            "uni_d_mtx": 14015.00104522705,
            "uni_emb": 0.0010962486267089844,
            "uni_metric": 0.1579453945159912,
            "uni_total": 14015.160086870193,
            "uniqueness": 0.8841
        }
    },
    "wyckoff": {
        "ehull": {
            "nov_d_mtx": 6.9119367599487305,
            "nov_emb_gen": 0.0046422481536865234,
            "nov_emb_train": 0.14339065551757812,
            "nov_metric": 0.4167814254760742,
            "nov_total": 7.476751089096069,
            "novelty": 0.0323,
            "uni_d_mtx": 2.5556929111480713,
            "uni_emb": 0.029360055923461914,
            "uni_metric": 0.04534459114074707,
            "uni_total": 2.6303975582122803,
            "uniqueness": 0.0033
        },
        "none": {
            "nov_d_mtx": 27.09471607208252,
            "nov_emb_gen": 0.004816293716430664,
            "nov_emb_train": 0.15392708778381348,
            "nov_metric": 0.6074762344360352,
            "nov_total": 27.8609356880188,
            "novelty": 0.0425,
            "uni_d_mtx": 13.844460487365723,
            "uni_emb": 10.860036134719849,
            "uni_metric": 0.15128397941589355,
            "uni_total": 24.855780601501465,
            "uniqueness": 0.0038
        }
    }
}