{
    "amd": {
        "ehull": {
            "nov_d_mtx": 25.82004714012146,
            "nov_emb_gen": 0.11387419700622559,
            "nov_emb_train": 0.4416065216064453,
            "nov_metric": 0.03474307060241699,
            "nov_total": 26.410270929336548,
            "novelty": 0.022164937221591872,
            "uni_d_mtx": 9.579898118972778,
            "uni_emb": 0.20327520370483398,
            "uni_metric": 0.004148006439208984,
            "uni_total": 9.787321329116821,
            "uniqueness": 0.13759959822823947
        },
        "none": {
            "nov_d_mtx": 34.81888294219971,
            "nov_emb_gen": 0.1349184513092041,
            "nov_emb_train": 0.4568450450897217,
            "nov_metric": 0.14303183555603027,
            "nov_total": 35.55367827415466,
            "novelty": 0.21816382409503135,
            "uni_d_mtx": 2.640158176422119,
            "uni_emb": 2.171694040298462,
            "uni_metric": 0.055060386657714844,
            "uni_total": 4.866912603378296,
            "uniqueness": 1.5912158496920612
        }
    },
    "comp": {
        "ehull": {
            "nov_d_mtx": 6.2139365673065186,
            "nov_emb_gen": 0.007204771041870117,
            "nov_emb_train": 0.15050935745239258,
            "nov_metric": 0.4443964958190918,
            "nov_total": 6.816047191619873,
            "novelty": 0.1816,
            "uni_d_mtx": 2.3127963542938232,
            "uni_emb": 0.03464865684509277,
            "uni_metric": 0.03478240966796875,
            "uni_total": 2.3822274208068848,
            "uniqueness": 0.2775
        },
        "none": {
            "nov_d_mtx": 58.79118752479553,
            "nov_emb_gen": 0.009161710739135742,
            "nov_emb_train": 0.28553271293640137,
            "nov_metric": 0.694495439529419,
            "nov_total": 59.78037738800049,
            "novelty": 0.8207,
            "uni_d_mtx": 8.397916793823242,
            "uni_emb": 0.2302701473236084,
            "uni_metric": 0.1685655117034912,
            "uni_total": 8.796752452850342,
            "uniqueness": 0.9461
        }
    },
    "magpie": {
        "ehull": {
            "nov_d_mtx": 24.787021160125732,
            "nov_emb_gen": 0.10428738594055176,
            "nov_emb_train": 0.5134751796722412,
            "nov_metric": 0.03450798988342285,
            "nov_total": 25.43929171562195,
            "novelty": 16.026595999341918,
            "uni_d_mtx": 9.25274395942688,
            "uni_emb": 0.14820551872253418,
            "uni_metric": 0.004150867462158203,
            "uni_total": 9.405100345611572,
            "uniqueness": 177.3016701498635
        },
        "none": {
            "nov_d_mtx": 98.61860609054565,
            "nov_emb_gen": 1.0513417720794678,
            "nov_emb_train": 0.5918807983398438,
            "nov_metric": 0.14385128021240234,
            "nov_total": 100.40567994117737,
            "novelty": 84.78455496509561,
            "uni_d_mtx": 34.401341915130615,
            "uni_emb": 528.841160774231,
            "uni_metric": 0.05261850357055664,
            "uni_total": 563.2951211929321,
            "uniqueness": 1981.5798771047455
        }
    },
    "pdd": {
        "ehull": {
            "nov_d_mtx": 25.66725492477417,
            "nov_emb_gen": 0.7535319328308105,
            "nov_emb_train": 1.0496208667755127,
            "nov_metric": 0.034554481506347656,
            "nov_total": 27.50496220588684,
            "novelty": 0.032337425840207115,
            "uni_d_mtx": 9.51512598991394,
            "uni_emb": 0.8089771270751953,
            "uni_metric": 0.004171609878540039,
            "uni_total": 10.328274726867676,
            "uniqueness": 0.14497115140931127
        },
        "none": {
            "nov_d_mtx": 10150.330438137054,
            "nov_emb_gen": 0.8465006351470947,
            "nov_emb_train": 1.2035388946533203,
            "nov_metric": 0.14395928382873535,
            "nov_total": 10152.524436950684,
            "novelty": 0.3549228943656903,
            "uni_d_mtx": 3576.7721886634827,
            "uni_emb": 5.636240482330322,
            "uni_metric": 0.052195072174072266,
            "uni_total": 3582.460624217987,
            "uniqueness": 1.6730698659365184
        }
    },
    "smat": {
        "ehull": {
            "nov_d_mtx": 6.213552236557007,
            "nov_emb_gen": 3.0377159118652344,
            "nov_emb_train": 5.014543056488037,
            "nov_metric": 0.4444146156311035,
            "nov_total": 14.710225820541382,
            "novelty": 0.219,
            "uni_d_mtx": 2.2981913089752197,
            "uni_emb": 1.764280080795288,
            "uni_metric": 0.03496241569519043,
            "uni_total": 4.097433805465698,
            "uniqueness": 0.2885
        },
        "none": {
            "nov_d_mtx": 39631.084122896194,
            "nov_emb_gen": 2.285398244857788,
            "nov_emb_train": 5.106493711471558,
            "nov_metric": 0.6905732154846191,
            "nov_total": 39639.16658806801,
            "novelty": 0.905,
            "uni_d_mtx": 15922.541377544403,
            "uni_emb": 0.0002923011779785156,
            "uni_metric": 0.15292811393737793,
            "uni_total": 15922.694597959518,
            "uniqueness": 0.9771
        }
    },
    "wyckoff": {
        "ehull": {
            "nov_d_mtx": 6.255699872970581,
            "nov_emb_gen": 0.00417780876159668,
            "nov_emb_train": 0.14333581924438477,
            "nov_metric": 0.44358325004577637,
            "nov_total": 6.846796751022339,
            "novelty": 0.0368,
            "uni_d_mtx": 2.3001649379730225,
            "uni_emb": 0.022047042846679688,
            "uni_metric": 0.03462076187133789,
            "uni_total": 2.35683274269104,
            "uniqueness": 0.0209
        },
        "none": {
            "nov_d_mtx": 40.52327537536621,
            "nov_emb_gen": 0.22096920013427734,
            "nov_emb_train": 0.17119455337524414,
            "nov_metric": 1.1466615200042725,
            "nov_total": 42.062100648880005,
            "novelty": 0.0812,
            "uni_d_mtx": 15.361656427383423,
            "uni_emb": 19.91124415397644,
            "uni_metric": 0.24498271942138672,
            "uni_total": 35.51788330078125,
            "uniqueness": 0.0324
        }
    }
}