{
    "amd": {
        "ehull": {
            "nov_d_mtx": 28.476763486862183,
            "nov_emb_gen": 0.20746970176696777,
            "nov_emb_train": 0.48206400871276855,
            "nov_metric": 0.048738718032836914,
            "nov_total": 29.215035915374756,
            "novelty": 0.02579401218238977,
            "uni_d_mtx": 10.555996656417847,
            "uni_emb": 0.196868896484375,
            "uni_metric": 0.007070302963256836,
            "uni_total": 10.759935855865479,
            "uniqueness": 0.22679309426533445
        },
        "none": {
            "nov_d_mtx": 28.926512479782104,
            "nov_emb_gen": 0.18358087539672852,
            "nov_emb_train": 0.643272876739502,
            "nov_metric": 0.11034917831420898,
            "nov_total": 29.863715410232544,
            "novelty": 0.6986421530253644,
            "uni_d_mtx": 2.337143898010254,
            "uni_emb": 1.9897983074188232,
            "uni_metric": 0.041239023208618164,
            "uni_total": 4.368181228637695,
            "uniqueness": 2.6791214277540902
        }
    },
    "comp": {
        "ehull": {
            "nov_d_mtx": 6.9985692501068115,
            "nov_emb_gen": 0.00845479965209961,
            "nov_emb_train": 0.15854716300964355,
            "nov_metric": 0.5464653968811035,
            "nov_total": 7.712036609649658,
            "novelty": 0.2158,
            "uni_d_mtx": 2.565351963043213,
            "uni_emb": 0.05046701431274414,
            "uni_metric": 0.056148529052734375,
            "uni_total": 2.6719675064086914,
            "uniqueness": 0.3599
        },
        "none": {
            "nov_d_mtx": 22.0020010471344,
            "nov_emb_gen": 0.007739543914794922,
            "nov_emb_train": 0.16848468780517578,
            "nov_metric": 0.6109731197357178,
            "nov_total": 22.789198398590088,
            "novelty": 0.7497,
            "uni_d_mtx": 7.874080657958984,
            "uni_emb": 0.21520590782165527,
            "uni_metric": 0.1535496711730957,
            "uni_total": 8.242836236953735,
            "uniqueness": 0.9373
        }
    },
    "magpie": {
        "ehull": {
            "nov_d_mtx": 28.107622861862183,
            "nov_emb_gen": 0.14592790603637695,
            "nov_emb_train": 0.6208367347717285,
            "nov_metric": 0.048767805099487305,
            "nov_total": 28.923155307769775,
            "novelty": 16.827301681788413,
            "uni_d_mtx": 10.467836380004883,
            "uni_emb": 0.14358901977539062,
            "uni_metric": 0.01063847541809082,
            "uni_total": 10.622063875198364,
            "uniqueness": 297.5158891684553
        },
        "none": {
            "nov_d_mtx": 93.81198000907898,
            "nov_emb_gen": 0.20984315872192383,
            "nov_emb_train": 0.6159923076629639,
            "nov_metric": 0.1105504035949707,
            "nov_total": 94.74836587905884,
            "novelty": 67.82299762772736,
            "uni_d_mtx": 24.158405780792236,
            "uni_emb": 516.3653528690338,
            "uni_metric": 0.040891408920288086,
            "uni_total": 540.5646500587463,
            "uniqueness": 2083.892683452657
        }
    },
    "pdd": {
        "ehull": {
            "nov_d_mtx": 31.101011514663696,
            "nov_emb_gen": 0.8357663154602051,
            "nov_emb_train": 1.2389423847198486,
            "nov_metric": 0.07233119010925293,
            "nov_total": 33.248051404953,
            "novelty": 0.040082866626382024,
            "uni_d_mtx": 14.475358486175537,
            "uni_emb": 0.892981767654419,
            "uni_metric": 0.0073544979095458984,
            "uni_total": 15.375694751739502,
            "uniqueness": 0.2383075657281584
        },
        "none": {
            "nov_d_mtx": 10533.480219364166,
            "nov_emb_gen": 1.0155665874481201,
            "nov_emb_train": 1.305309534072876,
            "nov_metric": 0.11080479621887207,
            "nov_total": 10535.911900281906,
            "novelty": 0.8229325238763422,
            "uni_d_mtx": 4172.525372982025,
            "uni_emb": 4.346441268920898,
            "uni_metric": 0.054227352142333984,
            "uni_total": 4176.926041603088,
            "uniqueness": 2.7620509683520975
        }
    },
    "smat": {
        "ehull": {
            "nov_d_mtx": 7.1474809646606445,
            "nov_emb_gen": 4.174237489700317,
            "nov_emb_train": 6.561720609664917,
            "nov_metric": 0.6108675003051758,
            "nov_total": 18.494306564331055,
            "novelty": 0.2621,
            "uni_d_mtx": 2.569964647293091,
            "uni_emb": 2.2195892333984375,
            "uni_metric": 0.06375479698181152,
            "uni_total": 4.85330867767334,
            "uniqueness": 0.3747
        },
        "none": {
            "nov_d_mtx": 39334.04354095459,
            "nov_emb_gen": 1.7598161697387695,
            "nov_emb_train": 6.091999530792236,
            "nov_metric": 0.617640495300293,
            "nov_total": 39342.51299715042,
            "novelty": 0.863,
            "uni_d_mtx": 13987.168441057205,
            "uni_emb": 0.0003352165222167969,
            "uni_metric": 0.15230989456176758,
            "uni_total": 13987.32108616829,
            "uniqueness": 0.9791
        }
    },
    "wyckoff": {
        "ehull": {
            "nov_d_mtx": 7.081944704055786,
            "nov_emb_gen": 0.005186557769775391,
            "nov_emb_train": 0.13864803314208984,
            "nov_metric": 0.5458920001983643,
            "nov_total": 7.771671295166016,
            "novelty": 0.0512,
            "uni_d_mtx": 2.6996779441833496,
            "uni_emb": 0.02789759635925293,
            "uni_metric": 0.05565142631530762,
            "uni_total": 2.78322696685791,
            "uniqueness": 0.0439
        },
        "none": {
            "nov_d_mtx": 29.53168034553528,
            "nov_emb_gen": 0.007433414459228516,
            "nov_emb_train": 0.14917254447937012,
            "nov_metric": 1.2807097434997559,
            "nov_total": 30.968996047973633,
            "novelty": 0.1134,
            "uni_d_mtx": 11.924561023712158,
            "uni_emb": 53.904977798461914,
            "uni_metric": 0.2729480266571045,
            "uni_total": 66.10248684883118,
            "uniqueness": 0.0637
        }
    }
}