{
    "amd": {
        "ehull": {
            "nov_d_mtx": 25.79579520225525,
            "nov_emb_gen": 0.09480786323547363,
            "nov_emb_train": 0.40682315826416016,
            "nov_metric": 0.0326845645904541,
            "nov_total": 26.330110788345337,
            "novelty": 0.016794729321287255,
            "uni_d_mtx": 9.632533550262451,
            "uni_emb": 0.15383124351501465,
            "uni_metric": 0.0036509037017822266,
            "uni_total": 9.790015697479248,
            "uniqueness": 0.11746842364721534
        },
        "none": {
            "nov_d_mtx": 36.305108308792114,
            "nov_emb_gen": 0.15629196166992188,
            "nov_emb_train": 0.5573153495788574,
            "nov_metric": 0.11660981178283691,
            "nov_total": 37.13532543182373,
            "novelty": 0.12914032603496517,
            "uni_d_mtx": 3.1031832695007324,
            "uni_emb": 3.216411828994751,
            "uni_metric": 0.04376983642578125,
            "uni_total": 6.363364934921265,
            "uniqueness": 1.3767694185923673
        }
    },
    "comp": {
        "ehull": {
            "nov_d_mtx": 6.287822008132935,
            "nov_emb_gen": 0.007540464401245117,
            "nov_emb_train": 0.1495959758758545,
            "nov_metric": 0.4091362953186035,
            "nov_total": 6.854094743728638,
            "novelty": 0.1619,
            "uni_d_mtx": 2.3600358963012695,
            "uni_emb": 0.031000375747680664,
            "uni_metric": 0.03140664100646973,
            "uni_total": 2.42244291305542,
            "uniqueness": 0.2646
        },
        "none": {
            "nov_d_mtx": 25.154274463653564,
            "nov_emb_gen": 0.019448280334472656,
            "nov_emb_train": 0.24069571495056152,
            "nov_metric": 0.6327915191650391,
            "nov_total": 26.047209978103638,
            "novelty": 0.8121,
            "uni_d_mtx": 9.701756715774536,
            "uni_emb": 0.303755521774292,
            "uni_metric": 0.15821099281311035,
            "uni_total": 10.163723230361938,
            "uniqueness": 0.9522
        }
    },
    "magpie": {
        "ehull": {
            "nov_d_mtx": 24.859787464141846,
            "nov_emb_gen": 0.10774588584899902,
            "nov_emb_train": 0.4692420959472656,
            "nov_metric": 0.03243517875671387,
            "nov_total": 25.469210624694824,
            "novelty": 13.271440902726416,
            "uni_d_mtx": 9.297218322753906,
            "uni_emb": 0.14139580726623535,
            "uni_metric": 0.0036513805389404297,
            "uni_total": 9.442265510559082,
            "uniqueness": 159.73103621600367
        },
        "none": {
            "nov_d_mtx": 82.34565615653992,
            "nov_emb_gen": 0.15886354446411133,
            "nov_emb_train": 0.5079801082611084,
            "nov_metric": 0.11678242683410645,
            "nov_total": 83.12928223609924,
            "novelty": 88.29891567936106,
            "uni_d_mtx": 30.301544904708862,
            "uni_emb": 566.1141986846924,
            "uni_metric": 0.04749584197998047,
            "uni_total": 596.4632394313812,
            "uniqueness": 2070.448987242794
        }
    },
    "pdd": {
        "ehull": {
            "nov_d_mtx": 25.643457651138306,
            "nov_emb_gen": 0.2958986759185791,
            "nov_emb_train": 1.031693696975708,
            "nov_metric": 0.032146453857421875,
            "nov_total": 27.003196477890015,
            "novelty": 0.023241717995886965,
            "uni_d_mtx": 9.53180742263794,
            "uni_emb": 0.35013389587402344,
            "uni_metric": 0.0036468505859375,
            "uni_total": 9.8855881690979,
            "uniqueness": 0.12452108423503744
        },
        "none": {
            "nov_d_mtx": 6161.929576873779,
            "nov_emb_gen": 0.4141347408294678,
            "nov_emb_train": 1.150284767150879,
            "nov_metric": 0.11586594581604004,
            "nov_total": 6163.609862327576,
            "novelty": 0.24126832735460893,
            "uni_d_mtx": 1168.0655817985535,
            "uni_emb": 6.6929097175598145,
            "uni_metric": 0.04512286186218262,
            "uni_total": 1174.8036143779755,
            "uniqueness": 1.4710219689522217
        }
    },
    "smat": {
        "ehull": {
            "nov_d_mtx": 6.311486005783081,
            "nov_emb_gen": 3.745661497116089,
            "nov_emb_train": 5.45500111579895,
            "nov_metric": 0.40912318229675293,
            "nov_total": 15.921271800994873,
            "novelty": 0.189,
            "uni_d_mtx": 2.3017845153808594,
            "uni_emb": 3.02557373046875,
            "uni_metric": 0.03162097930908203,
            "uni_total": 5.358979225158691,
            "uniqueness": 0.2723
        },
        "none": {
            "nov_d_mtx": 59850.74995279312,
            "nov_emb_gen": 3.2196943759918213,
            "nov_emb_train": 6.111143112182617,
            "nov_metric": 0.6321547031402588,
            "nov_total": 59860.712944984436,
            "novelty": 0.8925,
            "uni_d_mtx": 28007.33935070038,
            "uni_emb": 0.00034165382385253906,
            "uni_metric": 0.1573026180267334,
            "uni_total": 28007.49699497223,
            "uniqueness": 0.9806
        }
    },
    "wyckoff": {
        "ehull": {
            "nov_d_mtx": 6.191277027130127,
            "nov_emb_gen": 0.0037109851837158203,
            "nov_emb_train": 0.13372540473937988,
            "nov_metric": 0.4077296257019043,
            "nov_total": 6.736443042755127,
            "novelty": 0.0013,
            "uni_d_mtx": 2.339162588119507,
            "uni_emb": 0.01917886734008789,
            "uni_metric": 0.031394004821777344,
            "uni_total": 2.389735460281372,
            "uniqueness": 0.0423
        },
        "none": {
            "nov_d_mtx": 30.04527759552002,
            "nov_emb_gen": 0.04554605484008789,
            "nov_emb_train": 0.19866323471069336,
            "nov_metric": 0.6276357173919678,
            "nov_total": 30.91712260246277,
            "novelty": 0.0098,
            "uni_d_mtx": 11.62314772605896,
            "uni_emb": 132.94674444198608,
            "uni_metric": 0.161773681640625,
            "uni_total": 144.73166584968567,
            "uniqueness": 0.191
        }
    }
}