{
    "amd": {
        "ehull": {
            "nov_d_mtx": 28.34909963607788,
            "nov_emb_gen": 0.18079209327697754,
            "nov_emb_train": 0.47165942192077637,
            "nov_metric": 0.04601335525512695,
            "nov_total": 29.04756450653076,
            "novelty": 0.039642157049661,
            "uni_d_mtx": 10.511635780334473,
            "uni_emb": 0.16643118858337402,
            "uni_metric": 0.006286144256591797,
            "uni_total": 10.684353113174438,
            "uniqueness": 0.201019021630854
        },
        "none": {
            "nov_d_mtx": 42.40273594856262,
            "nov_emb_gen": 0.1342298984527588,
            "nov_emb_train": 0.5909779071807861,
            "nov_metric": 0.13997817039489746,
            "nov_total": 43.267921924591064,
            "novelty": 0.14233519843099515,
            "uni_d_mtx": 2.5562713146209717,
            "uni_emb": 2.1125752925872803,
            "uni_metric": 0.053484439849853516,
            "uni_total": 4.7223310470581055,
            "uniqueness": 1.4144796469215162
        }
    },
    "comp": {
        "ehull": {
            "nov_d_mtx": 6.865606307983398,
            "nov_emb_gen": 0.008830070495605469,
            "nov_emb_train": 0.16834783554077148,
            "nov_metric": 0.3948945999145508,
            "nov_total": 7.437678813934326,
            "novelty": 0.2294,
            "uni_d_mtx": 2.521592617034912,
            "uni_emb": 0.06727170944213867,
            "uni_metric": 0.04413795471191406,
            "uni_total": 2.633002281188965,
            "uniqueness": 0.3372
        },
        "none": {
            "nov_d_mtx": 54.32831072807312,
            "nov_emb_gen": 0.011415719985961914,
            "nov_emb_train": 0.34796762466430664,
            "nov_metric": 0.6843605041503906,
            "nov_total": 55.37205457687378,
            "novelty": 0.8156,
            "uni_d_mtx": 8.152360916137695,
            "uni_emb": 0.219801664352417,
            "uni_metric": 0.16820502281188965,
            "uni_total": 8.540367603302002,
            "uniqueness": 0.9523
        }
    },
    "magpie": {
        "ehull": {
            "nov_d_mtx": 27.57804226875305,
            "nov_emb_gen": 0.11802077293395996,
            "nov_emb_train": 0.5269684791564941,
            "nov_metric": 0.045804500579833984,
            "nov_total": 28.26883602142334,
            "novelty": 18.753431574294098,
            "uni_d_mtx": 10.361119270324707,
            "uni_emb": 0.16399431228637695,
            "uni_metric": 0.0062673091888427734,
            "uni_total": 10.531380891799927,
            "uniqueness": 253.04401001352934
        },
        "none": {
            "nov_d_mtx": 98.24815559387207,
            "nov_emb_gen": 0.1863396167755127,
            "nov_emb_train": 0.7478511333465576,
            "nov_metric": 0.13039135932922363,
            "nov_total": 99.31273770332336,
            "novelty": 77.26097807273261,
            "uni_d_mtx": 32.915998458862305,
            "uni_emb": 531.993537902832,
            "uni_metric": 0.05375862121582031,
            "uni_total": 564.9632949829102,
            "uniqueness": 2088.982412374401
        }
    },
    "pdd": {
        "ehull": {
            "nov_d_mtx": 28.145293474197388,
            "nov_emb_gen": 0.7305388450622559,
            "nov_emb_train": 1.127148151397705,
            "nov_metric": 0.04596352577209473,
            "nov_total": 30.048943996429443,
            "novelty": 0.06768980502378766,
            "uni_d_mtx": 10.515690326690674,
            "uni_emb": 0.7980520725250244,
            "uni_metric": 0.006278514862060547,
            "uni_total": 11.320020914077759,
            "uniqueness": 0.2103078904456905
        },
        "none": {
            "nov_d_mtx": 9502.719890117645,
            "nov_emb_gen": 0.7696080207824707,
            "nov_emb_train": 1.1029348373413086,
            "nov_metric": 0.14319252967834473,
            "nov_total": 9504.735625505447,
            "novelty": 0.2878199243973154,
            "uni_d_mtx": 3090.7198808193207,
            "uni_emb": 4.899196624755859,
            "uni_metric": 0.048708200454711914,
            "uni_total": 3095.6677856445312,
            "uniqueness": 1.4955006002768503
        }
    },
    "smat": {
        "ehull": {
            "nov_d_mtx": 6.842055320739746,
            "nov_emb_gen": 3.330873966217041,
            "nov_emb_train": 5.463286399841309,
            "nov_metric": 0.39516663551330566,
            "nov_total": 16.0313823223114,
            "novelty": 0.2845,
            "uni_d_mtx": 2.599806785583496,
            "uni_emb": 2.3108420372009277,
            "uni_metric": 0.04422450065612793,
            "uni_total": 4.954873323440552,
            "uniqueness": 0.3517
        },
        "none": {
            "nov_d_mtx": 37448.24877977371,
            "nov_emb_gen": 1.8184759616851807,
            "nov_emb_train": 6.0457682609558105,
            "nov_metric": 0.6885037422180176,
            "nov_total": 37456.80152773857,
            "novelty": 0.9158,
            "uni_d_mtx": 14301.413071155548,
            "uni_emb": 0.00033783912658691406,
            "uni_metric": 0.15748357772827148,
            "uni_total": 14301.570892572403,
            "uniqueness": 0.9838
        }
    },
    "wyckoff": {
        "ehull": {
            "nov_d_mtx": 6.902685165405273,
            "nov_emb_gen": 0.00469517707824707,
            "nov_emb_train": 0.14167141914367676,
            "nov_metric": 0.3920128345489502,
            "nov_total": 7.4410645961761475,
            "novelty": 0.0554,
            "uni_d_mtx": 2.568390130996704,
            "uni_emb": 0.022669076919555664,
            "uni_metric": 0.04430413246154785,
            "uni_total": 2.6353633403778076,
            "uniqueness": 0.0371
        },
        "none": {
            "nov_d_mtx": 41.745934009552,
            "nov_emb_gen": 0.006380796432495117,
            "nov_emb_train": 0.14693975448608398,
            "nov_metric": 0.6411688327789307,
            "nov_total": 42.54042339324951,
            "novelty": 0.0967,
            "uni_d_mtx": 15.283128261566162,
            "uni_emb": 24.055454969406128,
            "uni_metric": 0.16645431518554688,
            "uni_total": 39.50503754615784,
            "uniqueness": 0.047
        }
    }
}