{
    "amd": {
        "ehull": {
            "nov_d_mtx": 29.63712215423584,
            "nov_emb_gen": 0.19372105598449707,
            "nov_emb_train": 0.5300252437591553,
            "nov_metric": 0.006984233856201172,
            "nov_total": 30.367852687835693,
            "novelty": 0.007465414281746062,
            "uni_d_mtx": 11.191957950592041,
            "uni_emb": 0.18166279792785645,
            "uni_metric": 0.0001442432403564453,
            "uni_total": 11.373764991760254,
            "uniqueness": 0.0015603198154508966
        },
        "none": {
            "nov_d_mtx": 32.141831159591675,
            "nov_emb_gen": 0.2319045066833496,
            "nov_emb_train": 0.7358169555664062,
            "nov_metric": 0.12763381004333496,
            "nov_total": 33.237186431884766,
            "novelty": 0.19734044895766295,
            "uni_d_mtx": 2.402333974838257,
            "uni_emb": 1.892256259918213,
            "uni_metric": 0.04819989204406738,
            "uni_total": 4.342790126800537,
            "uniqueness": 1.2069259868093878
        }
    },
    "comp": {
        "ehull": {
            "nov_d_mtx": 7.264970541000366,
            "nov_emb_gen": 0.010154247283935547,
            "nov_emb_train": 0.175978422164917,
            "nov_metric": 0.028858184814453125,
            "nov_total": 7.479961395263672,
            "novelty": 0.0295,
            "uni_d_mtx": 2.554776191711426,
            "uni_emb": 0.07278132438659668,
            "uni_metric": 0.002193927764892578,
            "uni_total": 2.629751443862915,
            "uniqueness": 0.0341
        },
        "none": {
            "nov_d_mtx": 22.19848346710205,
            "nov_emb_gen": 0.010370016098022461,
            "nov_emb_train": 0.27413511276245117,
            "nov_metric": 0.8544471263885498,
            "nov_total": 23.337435722351074,
            "novelty": 0.9221,
            "uni_d_mtx": 8.08340072631836,
            "uni_emb": 0.23824667930603027,
            "uni_metric": 0.16580414772033691,
            "uni_total": 8.487451553344727,
            "uniqueness": 0.9717
        }
    },
    "magpie": {
        "ehull": {
            "nov_d_mtx": 29.376373767852783,
            "nov_emb_gen": 0.15397214889526367,
            "nov_emb_train": 0.6421914100646973,
            "nov_metric": 0.006464481353759766,
            "nov_total": 30.179001808166504,
            "novelty": 3.147057790923909,
            "uni_d_mtx": 11.448514938354492,
            "uni_emb": 0.19716501235961914,
            "uni_metric": 0.00029540061950683594,
            "uni_total": 11.645975351333618,
            "uniqueness": 1.9946814031677158
        },
        "none": {
            "nov_d_mtx": 86.29397535324097,
            "nov_emb_gen": 0.25133180618286133,
            "nov_emb_train": 0.646859884262085,
            "nov_metric": 0.13768291473388672,
            "nov_total": 87.3298499584198,
            "novelty": 106.33394987520431,
            "uni_d_mtx": 27.178080320358276,
            "uni_emb": 582.3781015872955,
            "uni_metric": 0.0481562614440918,
            "uni_total": 609.6043381690979,
            "uniqueness": 1795.051137308201
        }
    },
    "pdd": {
        "ehull": {
            "nov_d_mtx": 29.138527631759644,
            "nov_emb_gen": 0.8396425247192383,
            "nov_emb_train": 1.2064473628997803,
            "nov_metric": 0.005956172943115234,
            "nov_total": 31.190573692321777,
            "novelty": 0.013072961515877494,
            "uni_d_mtx": 10.973974466323853,
            "uni_emb": 0.890641450881958,
            "uni_metric": 0.00015997886657714844,
            "uni_total": 11.864775896072388,
            "uniqueness": 0.0016588208064450185
        },
        "none": {
            "nov_d_mtx": 9926.310274600983,
            "nov_emb_gen": 0.9337067604064941,
            "nov_emb_train": 1.2882585525512695,
            "nov_metric": 0.12549328804016113,
            "nov_total": 9928.65773320198,
            "novelty": 0.40356013200585195,
            "uni_d_mtx": 3406.689597606659,
            "uni_emb": 5.766968488693237,
            "uni_metric": 0.041667938232421875,
            "uni_total": 3412.4982340335846,
            "uniqueness": 1.290132605710528
        }
    },
    "smat": {
        "ehull": {
            "nov_d_mtx": 7.352261066436768,
            "nov_emb_gen": 5.310136556625366,
            "nov_emb_train": 8.467836618423462,
            "nov_metric": 0.02904224395751953,
            "nov_total": 21.159276485443115,
            "novelty": 0.0319,
            "uni_d_mtx": 2.4186902046203613,
            "uni_emb": 2.486193895339966,
            "uni_metric": 0.002401113510131836,
            "uni_total": 4.907285213470459,
            "uniqueness": 0.0346
        },
        "none": {
            "nov_d_mtx": 44374.73971033096,
            "nov_emb_gen": 1.7657980918884277,
            "nov_emb_train": 5.972146987915039,
            "nov_metric": 0.6686666011810303,
            "nov_total": 44383.14632201195,
            "novelty": 0.9892,
            "uni_d_mtx": 16816.572950601578,
            "uni_emb": 0.004574298858642578,
            "uni_metric": 0.15271949768066406,
            "uni_total": 16816.730244398117,
            "uniqueness": 0.9945
        }
    },
    "wyckoff": {
        "ehull": {
            "nov_d_mtx": 8.25653338432312,
            "nov_emb_gen": 0.005089998245239258,
            "nov_emb_train": 0.15159320831298828,
            "nov_metric": 0.0390169620513916,
            "nov_total": 8.45223355293274,
            "novelty": 0.0012,
            "uni_d_mtx": 2.7583744525909424,
            "uni_emb": 0.018287181854248047,
            "uni_metric": 0.0022344589233398438,
            "uni_total": 2.7788960933685303,
            "uniqueness": 0.0021
        },
        "none": {
            "nov_d_mtx": 34.14921760559082,
            "nov_emb_gen": 0.04278302192687988,
            "nov_emb_train": 0.35132551193237305,
            "nov_metric": 0.7581760883331299,
            "nov_total": 35.3015022277832,
            "novelty": 0.0352,
            "uni_d_mtx": 16.314373016357422,
            "uni_emb": 12.68401288986206,
            "uni_metric": 0.18179774284362793,
            "uni_total": 29.18018364906311,
            "uniqueness": 0.0045
        }
    }
}